User,Title,Summary,Date,Tags
testuser1,Lorem ipsum dolor sit amet,consectetur adipiscing elit,"April 22, 2023","['lorem', 'ipsum', 'dolor']"
testuser2,In nisl nisi scelerisque eu,ultrices vitae auctor eu.,"April 22, 2023","['lorem', 'nisil']"
testuser1,Urna nunc id cursus metus.,Id leo in vitae turpis massa.,"April 22, 2023","['urna', 'nunc']"
testuser1,Egestas egestas,fringilla phasellus faucibus scelerisque,"April 22, 2023","['lorem', 'ipsum', 'dolor']"
testuser3,Laoreet suspendisse interdum,consectetur libero id faucibus nisl tincidunt,"April 22, 2023","['laoreet', 'dorum', 'ipsum']"
testuser1,Nibh praesent tristique magna,sit amet purus gravida quis,"April 22, 2023","['loret', 'dolor']"
testuser2,Eget mi proin sed libero,enim sed faucibus turpis in,"April 22, 2023","['loret', 'dolor', 'nibih']"
testuser1,Nunc lobortis mattis aliquam,faucibus purus in massa tempor,"April 22, 2023",['mitast']
testuser4,Cras sed felis eget velit,velit aliquet sagittis,"April 22, 2023",['dolor']
testuser4,Elementum facilisis leo vel fringilla,est ullamcorper eget nulla,"April 22, 2023",['leo']
testuser4,Mi eget mauris pharetra et,A erat nam at lectus urna duis convallis,"April 22, 2023",['dolor']
tesztelek,LTITLEJTITLEGTITLEQTITLEP,Jsummaryqsummaryhsummaryvsummaryl,"April 22, 2023",['ftagsstagsjtagsctagsv']
tesztelek,NTITLELTITLEXTITLESTITLEIztitlegtitlentitleetitlex,Esummaryssummaryhsummarylsummaryygsummarybsummaryzsummarydsummarys,"April 22, 2023","['otagswtagsptagsrtagsj', 'ttagttagztagotags']"
tesztelek,ETITLEZTITLEQTITLEOTITLEIctitlevtitlewtitleztitlew,Xsummarypsummarytsummaryqsummaryjlsummaryhsummarytsummaryhsummaryj,"April 22, 2023","['ytagsqtagsdtagsutagso', 'utagptagbtagstagy']"
tesztelek,FTITLENTITLEOTITLEVTITLETttitlettitlertitleatitlec,Zsummaryosummarybsummaryisummaryfisummaryhsummarylsummarypsummarys,"April 22, 2023","['qtagsktagsqtagswtagsn', 'wtagrtagltagntagf']"
tesztelek,UTITLEMTITLEITITLEKTITLEF,Qsummaryysummaryisummarybsummaryd,"April 22, 2023",['qtagsqtagshtagsitagsn']
tesztelek,DTITLEQTITLEZTITLESTITLEAatitleztitlestitleqtitlef,Lsummaryvsummaryqsummaryssummarysvsummaryhsummarymsummarygsummaryk,"April 22, 2023","['etagsatagsptagsdtagsh', 'htaghtagxtagptagx']"
tesztelek,HTITLERTITLEGTITLERTITLEL,Dsummarymsummaryjsummaryjsummaryb,"April 22, 2023",['vtagsotagsmtagsutagsr']
tesztelek,ZTITLEPTITLEMTITLECTITLEVftitleztitleatitlevtitlel,Asummarymsummarylsummarygsummaryvlsummaryisummarycsummaryfsummaryj,"April 22, 2023","['ytagsvtagsitagswtagsk', 'vtagstagftagotagt']"
tesztelek,ETITLEATITLENTITLEITITLEI,Tsummaryfsummaryisummarywsummaryp,"April 22, 2023",['ltagsttagsbtagsptagsz']
tesztelek,KTITLEYTITLEVTITLEWTITLEJotitlestitleatitleptitlea,Xsummarygsummarybsummaryosummarycasummaryhsummaryksummarylsummarym,"April 22, 2023","['ytagsltagsftagsbtagsm', 'ktagxtagrtaggtagx']"
tesztelek,HTITLEYTITLEDTITLEGTITLEM,Isummaryzsummaryxsummarydsummaryt,"April 22, 2023",['ltagsttagsgtagsptagsy']
tesztelek,YTITLELTITLEYTITLERTITLEDwtitlebtitlentitlektitlea,Qsummaryusummarylsummarywsummaryeosummaryzsummarygsummaryqsummaryf,"April 22, 2023","['itagsztagswtagshtagsk', 'ctagqtagstagttagp']"
testuser4,Mi eget mauris pharetra et,A erat nam at lectus urna duis convallis,"April 22, 2023",['dolor']
tesztelek,LTITLEJTITLEGTITLEQTITLEP,Jsummaryqsummaryhsummaryvsummaryl,"April 22, 2023",['ftagsstagsjtagsctagsv']
tesztelek,NTITLELTITLEXTITLESTITLEIztitlegtitlentitleetitlex,Esummaryssummaryhsummarylsummaryygsummarybsummaryzsummarydsummarys,"April 22, 2023","['otagswtagsptagsrtagsj', 'ttagttagztagotags']"
tesztelek,ETITLEZTITLEQTITLEOTITLEIctitlevtitlewtitleztitlew,Xsummarypsummarytsummaryqsummaryjlsummaryhsummarytsummaryhsummaryj,"April 22, 2023","['ytagsqtagsdtagsutagso', 'utagptagbtagstagy']"
tesztelek,FTITLENTITLEOTITLEVTITLETttitlettitlertitleatitlec,Zsummaryosummarybsummaryisummaryfisummaryhsummarylsummarypsummarys,"April 22, 2023","['qtagsktagsqtagswtagsn', 'wtagrtagltagntagf']"
tesztelek,UTITLEMTITLEITITLEKTITLEF,Qsummaryysummaryisummarybsummaryd,"April 22, 2023",['qtagsqtagshtagsitagsn']
tesztelek,DTITLEQTITLEZTITLESTITLEAatitleztitlestitleqtitlef,Lsummaryvsummaryqsummaryssummarysvsummaryhsummarymsummarygsummaryk,"April 22, 2023","['etagsatagsptagsdtagsh', 'htaghtagxtagptagx']"
tesztelek,HTITLERTITLEGTITLERTITLEL,Dsummarymsummaryjsummaryjsummaryb,"April 22, 2023",['vtagsotagsmtagsutagsr']
tesztelek,ZTITLEPTITLEMTITLECTITLEVftitleztitleatitlevtitlel,Asummarymsummarylsummarygsummaryvlsummaryisummarycsummaryfsummaryj,"April 22, 2023","['ytagsvtagsitagswtagsk', 'vtagstagftagotagt']"
tesztelek,ETITLEATITLENTITLEITITLEI,Tsummaryfsummaryisummarywsummaryp,"April 22, 2023",['ltagsttagsbtagsptagsz']
tesztelek,KTITLEYTITLEVTITLEWTITLEJotitlestitleatitleptitlea,Xsummarygsummarybsummaryosummarycasummaryhsummaryksummarylsummarym,"April 22, 2023","['ytagsltagsftagsbtagsm', 'ktagxtagrtaggtagx']"
tesztelek,HTITLEYTITLEDTITLEGTITLEM,Isummaryzsummaryxsummarydsummaryt,"April 22, 2023",['ltagsttagsgtagsptagsy']
tesztelek,YTITLELTITLEYTITLERTITLEDwtitlebtitlentitlektitlea,Qsummaryusummarylsummarywsummaryeosummaryzsummarygsummaryqsummaryf,"April 22, 2023","['itagsztagswtagshtagsk', 'ctagqtagstagttagp']"
tesztelek,KTITLEYTITLEVTITLEWTITLEJotitlestitleatitleptitlea,Xsummarygsummarybsummaryosummarycasummaryhsummaryksummarylsummarym,"April 22, 2023","['ytagsltagsftagsbtagsm', 'ktagxtagrtaggtagx']"
tesztelek,HTITLEYTITLEDTITLEGTITLEM,Isummaryzsummaryxsummarydsummaryt,"April 22, 2023",['ltagsttagsgtagsptagsy']
tesztelek,YTITLELTITLEYTITLERTITLEDwtitlebtitlentitlektitlea,Qsummaryusummarylsummarywsummaryeosummaryzsummarygsummaryqsummaryf,"April 22, 2023","['itagsztagswtagshtagsk', 'ctagqtagstagttagp']"
